<?xml version="1.0" encoding="UTF-8" ?>
<document>
<!--The data in this file is primarily intended for consumption by Xilinx tools.
The structure and the elements are likely to change over the next few releases.
This means code written to parse this file will need to be revisited each subsequent release.-->
<application name="pn" timeStamp="Fri Oct 21 21:29:48 2022">
<section name="Project Information" visible="false">
<property name="ProjectID" value="6DFF2FBF21CC40EEB880D08DA61D7C36" type="project"/>
<property name="ProjectIteration" value="18" type="project"/>
<property name="ProjectFile" value="C:/Users/SKU 1084303565/Documents/Universidad/7mo Semestre/Arquitectura de Computadoras/Xilinx/Xilinx 14/Avila_36177615_Practica8_1/Avila_36177615_Practica8_1.xise" type="project"/>
<property name="ProjectCreationTimestamp" value="2022-10-20T00:29:46" type="project"/>
</section>
<section name="Project Statistics" visible="true">
<property name="PROPEXT_xilxSynthMaxFanout_virtex2" value="100000" type="process"/>
<property name="PROP_Enable_Message_Filtering" value="false" type="design"/>
<property name="PROP_FitterReportFormat" value="HTML" type="process"/>
<property name="PROP_LastAppliedGoal" value="Balanced" type="design"/>
<property name="PROP_LastAppliedStrategy" value="Xilinx Default (unlocked)" type="design"/>
<property name="PROP_ManualCompileOrderImp" value="false" type="design"/>
<property name="PROP_PropSpecInProjFile" value="Store all values" type="design"/>
<property name="PROP_Simulator" value="ISim (VHDL/Verilog)" type="design"/>
<property name="PROP_SynthTopFile" value="changed" type="process"/>
<property name="PROP_Top_Level_Module_Type" value="HDL" type="design"/>
<property name="PROP_UseSmartGuide" value="false" type="design"/>
<property name="PROP_UserConstraintEditorPreference" value="Constraints Editor" type="process"/>
<property name="PROP_intProjectCreationTimestamp" value="2022-10-20T00:29:46" type="design"/>
<property name="PROP_intWbtProjectID" value="6DFF2FBF21CC40EEB880D08DA61D7C36" type="design"/>
<property name="PROP_intWbtProjectIteration" value="18" type="process"/>
<property name="PROP_intWorkingDirLocWRTProjDir" value="Same" type="design"/>
<property name="PROP_intWorkingDirUsed" value="No" type="design"/>
<property name="PROP_lockPinsUcfFile" value="changed" type="process"/>
<property name="PROP_xilxBitgStart_Clk" value="JTAG Clock" type="process"/>
<property name="PROP_xilxBitgStart_IntDone" value="true" type="process"/>
<property name="PROP_AutoTop" value="true" type="design"/>
<property name="PROP_DevFamily" value="Spartan3E" type="design"/>
<property name="PROP_DevDevice" value="xc3s100e" type="design"/>
<property name="PROP_DevFamilyPMName" value="spartan3e" type="design"/>
<property name="PROP_DevPackage" value="cp132" type="design"/>
<property name="PROP_Synthesis_Tool" value="XST (VHDL/Verilog)" type="design"/>
<property name="PROP_DevSpeed" value="-4" type="design"/>
<property name="PROP_PreferredLanguage" value="VHDL" type="design"/>
<property name="FILE_UCF" value="1" type="source"/>
<property name="FILE_VHDL" value="10" type="source"/>
</section>
</application>
</document>
